,,,f1,f1,f1,dr,dr,dr,fpr,fpr,fpr,asr,asr,asr
,,,mean,std,count,mean,std,count,mean,std,count,mean,std,count
dataset,attack,agg,,,,,,,,,,,,
cic,alie,fedavg,0.5002,0.0052,3,0.8497,0.0165,3,0.2,0.0407,3,0.0067,0.0019,3
cic,alie,fedprox,0.5005,0.0167,3,0.85,0.0105,3,0.1978,0.0255,3,0.0086,0.0034,3
cic,alie,flame,0.4519,0.0653,3,0.8352,0.0306,3,0.2127,0.066,3,0.0137,0.0151,3
cic,alie,fltrust,0.5374,0.0261,3,0.8941,0.0239,3,0.333,0.0323,3,0.0057,0.0047,3
cic,alie,krum,0.3896,0.1177,3,0.8129,0.0491,3,0.4154,0.0652,3,0.0184,0.0291,3
cic,alie,median,0.4611,0.0611,3,0.7985,0.0052,3,0.1354,0.0155,3,0.018,0.013,3
cic,alie,trace,0.5562,0.0282,3,0.8908,0.0126,3,0.3149,0.0277,3,0.0074,0.0046,3
cic,alie,trmean,0.4569,0.0589,3,0.8067,0.0068,3,0.1439,0.0064,3,0.0211,0.0187,3
cic,bd,fedavg,0.5106,0.0481,3,0.8599,0.0221,3,0.2271,0.0332,3,0.9332,0.0439,3
cic,bd,fedprox,0.5194,0.0373,3,0.8614,0.0237,3,0.2277,0.0373,3,0.9353,0.0409,3
cic,bd,flame,0.3952,0.0247,3,0.7837,0.0377,3,0.1615,0.0292,3,0.8904,0.0158,3
cic,bd,fltrust,0.5349,0.0156,3,0.8716,0.0124,3,0.3135,0.0225,3,0.6599,0.324,3
cic,bd,krum,0.2335,0.0107,3,0.5156,0.0313,3,0.3403,0.1206,3,0.0161,0.0039,3
cic,bd,median,0.4179,0.0318,3,0.8031,0.03,3,0.1548,0.0441,3,0.8838,0.0158,3
cic,bd,trace,0.5554,0.04,3,0.8848,0.0198,3,0.3072,0.0541,3,0.88,0.066,3
cic,bd,trmean,0.428,0.0485,3,0.799,0.0312,3,0.1555,0.0306,3,0.8983,0.0202,3
cic,lf,fedavg,0.4126,0.0864,3,0.6146,0.1076,3,0.0422,0.0161,3,0.0484,0.0217,3
cic,lf,fedprox,0.4191,0.0771,3,0.6121,0.1108,3,0.0418,0.0139,3,0.0533,0.0273,3
cic,lf,flame,0.3539,0.0132,3,0.6893,0.0434,3,0.1461,0.0331,3,0.074,0.067,3
cic,lf,fltrust,0.5052,0.0248,3,0.8521,0.0255,3,0.2965,0.0151,3,0.0135,0.0077,3
cic,lf,krum,0.2399,0.0224,3,0.5036,0.0183,3,0.279,0.1799,3,0.0268,0.0109,3
cic,lf,median,0.3458,0.0055,3,0.5755,0.0118,3,0.0465,0.0209,3,0.0889,0.0324,3
cic,lf,trace,0.478,0.0888,3,0.8707,0.0026,3,0.2771,0.0149,3,0.0075,0.0038,3
cic,lf,trmean,0.341,0.0074,3,0.5552,0.0584,3,0.0334,0.0102,3,0.0804,0.0503,3
cic,none,fedavg,0.4966,0.0106,3,0.8514,0.0127,3,0.1992,0.0296,3,0.0072,0.0007,3
cic,none,fedprox,0.4957,0.0069,3,0.8555,0.0143,3,0.2061,0.0209,3,0.0094,0.0035,3
cic,none,flame,0.4035,0.0268,3,0.8227,0.0202,3,0.1788,0.0391,3,0.0143,0.005,3
cic,none,fltrust,0.5517,0.0123,3,0.9179,0.013,3,0.3956,0.032,3,0.0063,0.0065,3
cic,none,krum,0.2434,0.0104,3,0.5388,0.0356,3,0.3559,0.1368,3,0.0126,0.007,3
cic,none,median,0.4205,0.0345,3,0.8045,0.0216,3,0.1407,0.0218,3,0.0369,0.0314,3
cic,none,trace,0.5431,0.0358,3,0.8711,0.0277,3,0.278,0.0395,3,0.011,0.0097,3
cic,none,trmean,0.4168,0.0286,3,0.8085,0.0134,3,0.1442,0.0209,3,0.0269,0.0157,3
cic,sf,fedavg,0.2128,0.1031,3,0.8856,0.0182,3,0.6757,0.1811,3,0.0357,0.0271,3
cic,sf,fedprox,0.2045,0.1016,3,0.8521,0.0271,3,0.6465,0.1856,3,0.0568,0.075,3
cic,sf,flame,0.3588,0.0618,3,0.7868,0.0937,3,0.3419,0.0549,3,0.0245,0.0152,3
cic,sf,fltrust,0.4863,0.0626,3,0.881,0.0442,3,0.3457,0.0777,3,0.0066,0.0037,3
cic,sf,krum,0.2335,0.0107,3,0.5156,0.0313,3,0.3403,0.1206,3,0.0161,0.0039,3
cic,sf,median,0.3464,0.0484,3,0.7682,0.1125,3,0.3577,0.0969,3,0.0219,0.017,3
cic,sf,trace,0.4431,0.0874,3,0.8548,0.069,3,0.3494,0.0227,3,0.0242,0.0213,3
cic,sf,trmean,0.3621,0.0935,3,0.7603,0.1198,3,0.3613,0.1011,3,0.0215,0.0125,3
edge,alie,fedavg,0.6511,0.0122,3,0.9633,0.0022,3,0.0147,0.0002,3,0.0,0.0,3
edge,alie,fedprox,0.6503,0.0098,3,0.9608,0.0042,3,0.0147,0.0003,3,0.0,0.0,3
edge,alie,flame,0.5926,0.035,3,0.9572,0.0193,3,0.0288,0.0243,3,0.0,0.0,3
edge,alie,fltrust,0.6246,0.0429,3,0.9718,0.0094,3,0.0367,0.0021,3,0.0004,0.0006,3
edge,alie,krum,0.4798,0.0135,3,0.9604,0.022,3,0.0289,0.0237,3,0.0,0.0,3
edge,alie,median,0.6348,0.0176,3,0.9611,0.0032,3,0.0147,0.0003,3,0.0,0.0,3
edge,alie,trace,0.65,0.0225,3,0.9803,0.0093,3,0.0546,0.0171,3,0.0,0.0,3
edge,alie,trmean,0.6566,0.0094,3,0.9634,0.0029,3,0.0203,0.01,3,0.0,0.0,3
edge,bd,fedavg,0.6198,0.0463,3,0.9651,0.0016,3,0.0158,0.0004,3,0.8411,0.0003,3
edge,bd,fedprox,0.6233,0.0464,3,0.962,0.0071,3,0.0156,0.0004,3,0.8405,0.0012,3
edge,bd,flame,0.6374,0.0159,3,0.9635,0.0078,3,0.0149,0.0004,3,0.7722,0.0834,3
edge,bd,fltrust,0.621,0.0125,3,0.9634,0.0027,3,0.0342,0.0189,3,0.7084,0.0543,3
edge,bd,krum,0.4356,0.045,3,0.9533,0.0127,3,0.1068,0.0264,3,0.0,0.0,3
edge,bd,median,0.6536,0.014,3,0.9722,0.008,3,0.0273,0.0095,3,0.8403,0.0022,3
edge,bd,trace,0.6688,0.0111,3,0.973,0.0129,3,0.0464,0.0294,3,0.0,0.0,3
edge,bd,trmean,0.6638,0.0052,3,0.9658,0.004,3,0.0203,0.0086,3,0.8412,0.0007,3
edge,lf,fedavg,0.618,0.0125,3,0.9077,0.0225,3,0.0143,0.0001,3,0.0603,0.0988,3
edge,lf,fedprox,0.6211,0.0068,3,0.8995,0.0305,3,0.0141,0.0003,3,0.053,0.087,3
edge,lf,flame,0.6412,0.0246,3,0.962,0.0087,3,0.0324,0.017,3,0.0093,0.016,3
edge,lf,fltrust,0.6142,0.0105,3,0.9652,0.012,3,0.0217,0.0117,3,0.0,0.0,3
edge,lf,krum,0.4355,0.0362,3,0.9654,0.0394,3,0.1126,0.0202,3,0.0,0.0,3
edge,lf,median,0.6465,0.0049,3,0.9433,0.0145,3,0.0103,0.0036,3,0.0114,0.0175,3
edge,lf,trace,0.6681,0.0081,3,0.9714,0.0062,3,0.0426,0.0063,3,0.0,0.0,3
edge,lf,trmean,0.6412,0.0138,3,0.9372,0.0107,3,0.0109,0.0029,3,0.0023,0.0039,3
edge,none,fedavg,0.6423,0.0241,3,0.9619,0.001,3,0.0149,0.0005,3,0.0,0.0,3
edge,none,fedprox,0.6495,0.0122,3,0.9606,0.0022,3,0.015,0.0006,3,0.0,0.0,3
edge,none,flame,0.6404,0.0107,3,0.9603,0.0011,3,0.0273,0.0217,3,0.0,0.0,3
edge,none,fltrust,0.6206,0.0105,3,0.9629,0.0036,3,0.0191,0.007,3,0.0,0.0,3
edge,none,krum,0.3864,0.0146,3,0.9643,0.015,3,0.1156,0.0127,3,0.0,0.0,3
edge,none,median,0.6585,0.0222,3,0.9623,0.0067,3,0.0264,0.0105,3,0.0,0.0,3
edge,none,trace,0.6625,0.013,3,0.9778,0.0131,3,0.036,0.0207,3,0.0,0.0,3
edge,none,trmean,0.6605,0.0088,3,0.9656,0.0026,3,0.0262,0.0101,3,0.0,0.0,3
edge,sf,fedavg,0.1416,0.1469,3,0.9481,0.0898,3,0.7899,0.3639,3,0.0,0.0,3
edge,sf,fedprox,0.1405,0.1476,3,0.9562,0.0758,3,0.7774,0.3856,3,0.0,0.0,3
edge,sf,flame,0.5858,0.0571,3,0.9744,0.0212,3,0.0902,0.0334,3,0.0,0.0,3
edge,sf,fltrust,0.6189,0.0192,3,0.9685,0.0061,3,0.0289,0.0123,3,0.0,0.0,3
edge,sf,krum,0.4356,0.045,3,0.9533,0.0127,3,0.1068,0.0264,3,0.0,0.0,3
edge,sf,median,0.5503,0.0396,3,0.9739,0.0086,3,0.0547,0.0487,3,0.0,0.0,3
edge,sf,trace,0.6474,0.0135,3,0.989,0.0096,3,0.0773,0.016,3,0.0,0.0,3
edge,sf,trmean,0.6119,0.0781,3,0.9631,0.0028,3,0.0275,0.0219,3,0.0,0.0,3
